{"name":"c5a20afc-9d35-49ab-b7e4-1a9ba471d0cf","id":"/providers/Microsoft.Flow/flows/c5a20afc-9d35-49ab-b7e4-1a9ba471d0cf","type":"Microsoft.Flow/flows","properties":{"apiId":"/providers/Microsoft.PowerApps/apis/shared_logicflows","displayName":"DELETE LISTS","definition":{"metadata":{"workflowEntityId":null,"processAdvisorMetadata":null,"flowChargedByPaygo":null,"flowclientsuspensionreason":"None","flowclientsuspensiontime":null,"flowclientsuspensionreasondetails":"","creator":{"id":"b698463f-360d-4f4b-9162-44b533f29188","type":"User","tenantId":"ce3bdff7-b7f6-4e7d-8b77-9085385980d2"},"provisioningMethod":"FromDefinition","failureAlertSubscription":true,"clientLastModifiedTime":"2023-11-17T03:26:04.9195232Z","connectionKeySavedTimeKey":"2023-10-31T07:28:46.600111Z"},"$schema":"https://schema.management.azure.com/providers/Microsoft.Logic/schemas/2016-06-01/workflowdefinition.json#","contentVersion":"1.0.0.0","parameters":{"$connections":{"defaultValue":{},"type":"Object"},"$authentication":{"defaultValue":{},"type":"SecureObject"}},"triggers":{"manual":{"metadata":{"operationMetadataId":"7ed384ee-d7ef-4172-9d8b-328471a5ee52"},"type":"Request","kind":"Button","inputs":{"schema":{"type":"object","properties":{},"required":[]}}}},"actions":{"Get_items":{"runAfter":{},"metadata":{"operationMetadataId":"52db8109-f814-4e45-a349-f0a11288e0f1"},"type":"OpenApiConnection","inputs":{"host":{"apiId":"/providers/Microsoft.PowerApps/apis/shared_sharepointonline","connectionName":"shared_sharepointonline","operationId":"GetItems"},"parameters":{"dataset":"https://khazanahcommy-my.sharepoint.com/personal/intern_nivethan_khazanah_com_my","table":"105517c7-1821-4da9-87f8-8b9041a6bf72"},"authentication":{"value":"@json(decodeBase64(triggerOutputs().headers['X-MS-APIM-Tokens']))['$ConnectionKey']","type":"Raw"}},"runtimeConfiguration":{"paginationPolicy":{"minimumItemCount":500}}},"Apply_to_each":{"foreach":"@outputs('Get_items')?['body/value']","actions":{"Delete_item":{"runAfter":{},"metadata":{"operationMetadataId":"999e4668-fba1-45b9-9871-11080ebc3e52"},"type":"OpenApiConnection","inputs":{"host":{"apiId":"/providers/Microsoft.PowerApps/apis/shared_sharepointonline","connectionName":"shared_sharepointonline","operationId":"DeleteItem"},"parameters":{"dataset":"https://khazanahcommy-my.sharepoint.com/personal/intern_nivethan_khazanah_com_my","table":"105517c7-1821-4da9-87f8-8b9041a6bf72","id":"@items('Apply_to_each')?['ID']"},"authentication":{"value":"@json(decodeBase64(triggerOutputs().headers['X-MS-APIM-Tokens']))['$ConnectionKey']","type":"Raw"}}}},"runAfter":{"Get_items":["Succeeded"]},"metadata":{"operationMetadataId":"89c74a63-a597-4049-a971-9ca4cf114241"},"type":"Foreach","runtimeConfiguration":{"concurrency":{"repetitions":50}}}}},"connectionReferences":{"shared_sharepointonline":{"connectionName":"shared-sharepointonl-342ad7d4-d5f3-49ac-a178-081d8bd2c0e3","source":"Invoker","id":"/providers/Microsoft.PowerApps/apis/shared_sharepointonline","tier":"NotSpecified"}},"flowFailureAlertSubscribed":false,"isManaged":false}}