{"name":"3b2e3716-6cb2-477b-9ad4-df1fe3ecc74c","id":"/providers/Microsoft.Flow/flows/3b2e3716-6cb2-477b-9ad4-df1fe3ecc74c","type":"Microsoft.Flow/flows","properties":{"apiId":"/providers/Microsoft.PowerApps/apis/shared_logicflows","displayName":"AD DATA FLOW COMPLETED","definition":{"metadata":{"workflowEntityId":null,"processAdvisorMetadata":null,"flowChargedByPaygo":null,"flowclientsuspensionreason":"None","flowclientsuspensiontime":null,"flowclientsuspensionreasondetails":null,"creator":{"id":"b698463f-360d-4f4b-9162-44b533f29188","type":"User","tenantId":"ce3bdff7-b7f6-4e7d-8b77-9085385980d2"},"provisioningMethod":"FromDefinition","failureAlertSubscription":true,"clientLastModifiedTime":"2023-11-09T04:40:49.4071253Z","connectionKeySavedTimeKey":"2023-11-09T04:40:49.4071253Z"},"$schema":"https://schema.management.azure.com/providers/Microsoft.Logic/schemas/2016-06-01/workflowdefinition.json#","contentVersion":"1.0.0.0","parameters":{"$connections":{"defaultValue":{},"type":"Object"},"$authentication":{"defaultValue":{},"type":"SecureObject"}},"triggers":{"manual":{"metadata":{"operationMetadataId":"4f832e3e-e234-4e1d-9893-e39c25ffcaf3"},"type":"Request","kind":"Button","inputs":{"schema":{"type":"object","properties":{},"required":[]}}}},"actions":{"DATA_API":{"runAfter":{},"metadata":{"operationMetadataId":"a6c71f13-2058-4a62-be26-3a6f9aa3e832"},"type":"Http","inputs":{"method":"GET","uri":"https://apse1-apigw.dm1-apse.informaticacloud.com/t/api-dev.khazanah.com.my/empAll","authentication":{"type":"Basic","username":"eat-api-user","password":"p4$5w0rdeat"}}},"Parse_JSON_DATA":{"runAfter":{"DATA_API":["Succeeded"]},"metadata":{"operationMetadataId":"15d38381-f3ec-4714-a761-6ac89ca563ec"},"type":"ParseJson","inputs":{"content":"@body('DATA_API')","schema":{"type":"array","items":{"type":"object","properties":{"Email":{"type":"string"},"Enabled":{"type":"string"}},"required":["Email","Enabled"]}}}},"Apply_to_each":{"foreach":"@body('Parse_JSON_DATA')","actions":{"Filter_array":{"runAfter":{},"metadata":{"operationMetadataId":"66370b36-e512-4651-9cc6-fb5299856c4a"},"type":"Query","inputs":{"from":"@outputs('Get_items_AD')?['body/value']","where":"@equals(item()?['Email'], items('Apply_to_each')['Email'])"}},"Condition":{"actions":{},"runAfter":{"Filter_array":["Succeeded"]},"else":{"actions":{"Compose":{"runAfter":{},"metadata":{"operationMetadataId":"9b61ff22-3c72-456b-be98-a7892e9e1bbd"},"type":"Compose","inputs":"@if(empty(items('Apply_to_each')?['Email']), null, split(items('Apply_to_each')?['Email'], '@')[0])"},"Compose2":{"runAfter":{"Compose":["Succeeded"]},"metadata":{"operationMetadataId":"f004694c-6da7-4df9-942e-c41c9126f977"},"type":"Compose","inputs":"@if(equals(outputs('Compose'),null),null, replace(outputs('Compose'), '.', ' '))"},"Set_variable":{"runAfter":{"Compose2":["Succeeded"]},"metadata":{"operationMetadataId":"f891548f-9516-4273-ad85-7040d06a401d"},"type":"SetVariable","inputs":{"name":"ComposeData","value":"@{outputs('Compose2')}"}},"Create_item":{"runAfter":{"Set_variable":["Succeeded"]},"metadata":{"operationMetadataId":"d90dfdfe-03fd-4816-bf54-d81842489157"},"type":"OpenApiConnection","inputs":{"host":{"apiId":"/providers/Microsoft.PowerApps/apis/shared_sharepointonline","connectionName":"shared_sharepointonline","operationId":"PostItem"},"parameters":{"dataset":"https://khazanahcommy.sharepoint.com/sites/Intern9","table":"ecccd9b2-95bd-4bf7-a097-a4413e5d6ff8","item/Title":"@variables('ComposeData')","item/Email":"@items('Apply_to_each')['Email']"},"authentication":"@parameters('$authentication')"}}}},"expression":{"greater":["@length(body('Filter_array'))","@0"]},"metadata":{"operationMetadataId":"9b904eb4-2925-4b4f-83d4-7cd41b89a2e9"},"type":"If"}},"runAfter":{"Get_items_AD":["Succeeded"]},"metadata":{"operationMetadataId":"c8210450-9815-4bf0-a881-58823d0e1806"},"type":"Foreach"},"ComposeData":{"runAfter":{"Parse_JSON_DATA":["Succeeded"]},"metadata":{"operationMetadataId":"1fadb08a-6ad8-459a-9b5f-c08a11b4d938"},"type":"InitializeVariable","inputs":{"variables":[{"name":"ComposeData","type":"string"}]}},"Get_items":{"runAfter":{"ComposeData":["Succeeded"]},"metadata":{"operationMetadataId":"16defe21-9ca9-4007-8cea-af6bb58eec49"},"type":"OpenApiConnection","inputs":{"host":{"apiId":"/providers/Microsoft.PowerApps/apis/shared_sharepointonline","connectionName":"shared_sharepointonline","operationId":"GetItems"},"parameters":{"dataset":"https://khazanahcommy.sharepoint.com/sites/Intern9","table":"ecccd9b2-95bd-4bf7-a097-a4413e5d6ff8"},"authentication":"@parameters('$authentication')"},"runtimeConfiguration":{"paginationPolicy":{"minimumItemCount":1000}}},"DeleteLoop":{"foreach":"@outputs('Get_items')?['body/value']","actions":{"Delete_item":{"runAfter":{},"metadata":{"operationMetadataId":"35e50952-b42f-4c58-a52c-f2b3a4419977"},"type":"OpenApiConnection","inputs":{"host":{"apiId":"/providers/Microsoft.PowerApps/apis/shared_sharepointonline","connectionName":"shared_sharepointonline","operationId":"DeleteItem"},"parameters":{"dataset":"https://khazanahcommy.sharepoint.com/sites/Intern9","table":"ecccd9b2-95bd-4bf7-a097-a4413e5d6ff8","id":"@items('DeleteLoop')?['ID']"},"authentication":"@parameters('$authentication')"}}},"runAfter":{"Get_items":["Succeeded"]},"metadata":{"operationMetadataId":"dee91fbf-7117-46d1-b1ac-712f30685341"},"type":"Foreach"},"Get_items_AD":{"runAfter":{"DeleteLoop":["Succeeded"]},"metadata":{"operationMetadataId":"65a734d4-b168-40dc-81d5-e2fa250eb74f"},"type":"OpenApiConnection","inputs":{"host":{"apiId":"/providers/Microsoft.PowerApps/apis/shared_sharepointonline","connectionName":"shared_sharepointonline","operationId":"GetItems"},"parameters":{"dataset":"https://khazanahcommy.sharepoint.com/sites/Intern9","table":"ecccd9b2-95bd-4bf7-a097-a4413e5d6ff8"},"authentication":"@parameters('$authentication')"},"runtimeConfiguration":{"paginationPolicy":{"minimumItemCount":1000}}}}},"connectionReferences":{"shared_sharepointonline":{"connectionName":"shared-sharepointonl-342ad7d4-d5f3-49ac-a178-081d8bd2c0e3","source":"Embedded","id":"/providers/Microsoft.PowerApps/apis/shared_sharepointonline","tier":"NotSpecified"}},"flowFailureAlertSubscribed":false,"isManaged":false}}