{"name":"91a83f26-ea91-493e-b49e-acc99a5b690b","id":"/providers/Microsoft.Flow/flows/91a83f26-ea91-493e-b49e-acc99a5b690b","type":"Microsoft.Flow/flows","properties":{"apiId":"/providers/Microsoft.PowerApps/apis/shared_logicflows","displayName":"Demand for D&T Services with HoD approval","definition":{"metadata":{"workflowEntityId":null,"processAdvisorMetadata":null,"flowChargedByPaygo":null,"flowclientsuspensionreason":"BillingConsumption","flowclientsuspensionreasondetails":null,"flowclientsuspensiontime":"2023-11-17T07:55:28.5595465Z","creator":{"id":"745bf72f-640d-41be-a589-1d04e4ae1954","type":"User","tenantId":"ce3bdff7-b7f6-4e7d-8b77-9085385980d2"},"provisioningMethod":"FromDefinition","failureAlertSubscription":true,"clientLastModifiedTime":"2023-11-17T07:55:28.5595465Z","connectionKeySavedTimeKey":"2023-11-17T07:55:28.5595465Z"},"$schema":"https://schema.management.azure.com/providers/Microsoft.Logic/schemas/2016-06-01/workflowdefinition.json#","contentVersion":"1.0.0.0","parameters":{"$connections":{"defaultValue":{},"type":"Object"},"$authentication":{"defaultValue":{},"type":"SecureObject"}},"triggers":{"When_a_new_response_is_submitted":{"splitOn":"@triggerBody()?['value']","metadata":{"flowSystemMetadata":{"swaggerOperationId":"CreateFormWebhook"},"operationMetadataId":"6d3d2589-4012-4205-ba23-35909011c134"},"type":"ApiConnectionWebhook","inputs":{"host":{"connection":{"name":"@parameters('$connections')['shared_microsoftforms']['connectionId']"},"api":{"runtimeUrl":"https://asia-001.azure-apim.net/apim/microsoftforms"}},"body":{"eventType":"responseAdded","notificationUrl":"@{listCallbackUrl()}","source":"ms-connector"},"path":"/formapi/api/forms/@{encodeURIComponent('9987zva3fU6Ld5CFOFmA0i_3W3QNZL5BpYkdBOSuGVRUM1QzTTdFNU8xRFlDRjRHMklHM0kySTQ4Wi4u')}/webhooks","authentication":"@parameters('$authentication')"}}},"actions":{"Get_response_details":{"runAfter":{},"metadata":{"flowSystemMetadata":{"swaggerOperationId":"GetFormResponseById"},"operationMetadataId":"96abd167-58ef-4901-b609-e39993390dd6"},"type":"ApiConnection","inputs":{"host":{"connection":{"name":"@parameters('$connections')['shared_microsoftforms']['connectionId']"},"api":{"runtimeUrl":"https://asia-001.azure-apim.net/apim/microsoftforms"}},"method":"get","path":"/formapi/api/forms('@{encodeURIComponent('9987zva3fU6Ld5CFOFmA0i_3W3QNZL5BpYkdBOSuGVRUM1QzTTdFNU8xRFlDRjRHMklHM0kySTQ4Wi4u')}')/responses","queries":{"response_id":"@triggerBody()?['resourceData']?['responseId']"},"authentication":"@parameters('$authentication')"}},"Start_an_approval":{"runAfter":{"Get_response_details":["Succeeded"]},"metadata":{"flowSystemMetadata":{"swaggerOperationId":"approvalSubscribeV2"},"operationMetadataId":"b06323bf-d58b-443c-a451-5188f69da251"},"type":"ApiConnectionWebhook","inputs":{"host":{"connection":{"name":"@parameters('$connections')['shared_approvals']['connectionId']"},"api":{"runtimeUrl":"https://asia-001.azure-apim.net/apim/approvals"}},"body":{"notificationUrl":"@listCallbackUrl()","title":"Approval for D&T Services by HoD","assignedTo":"@{body('Get_response_details')?['rd504ae7b85e04ff8946f36558a79ed80']};;","details":"Dear HoD\nRequest for D&T demand has been submitted by @{body('Get_response_details')?['responder']} on @{body('Get_response_details')?['submitDate']}. Below are the detail of the request submitted :\n\nDemand for:  @{body('Get_response_details')?['r48746ab73a4343e58e55ecfc05b160c0']}\n\nType of System Need: @{body('Get_response_details')?['r37a052dc0f054ab2a342cafd3e0ca2e4']}\n\nWhy it is needed: @{body('Get_response_details')?['r57dd3d6deebc484c9f5bf72654fbe66c']}\n\nWho will be the user: @{body('Get_response_details')?['r5564a491139f43109fca0446f59472d9']}\n\nSuccess Measures: @{body('Get_response_details')?['rcaead9f0b8614c739affe693f8276dd6']}\n\nPotential Benefits: @{body('Get_response_details')?['r5dd8426b43e344389458cca1d3843a8a']}\n\nFollowing the outcome from MC meeting on 11th June 2021, all requests must be approved by HoD. Kindly approve this if you don't have any objection to this request and okay for D&T team to start looking at this.\n\nThanks\non behalf of D&T team","itemLink":""},"path":"/types/basic/$subscriptions","authentication":"@parameters('$authentication')"}},"Condition":{"actions":{"Send_an_email_for_approval":{"runAfter":{},"metadata":{"flowSystemMetadata":{"swaggerOperationId":"SendEmail"},"operationMetadataId":"5ddd2ea4-4524-4d2e-8d87-5e7215a8e699"},"type":"ApiConnection","inputs":{"host":{"connection":{"name":"@parameters('$connections')['shared_office365']['connectionId']"},"api":{"runtimeUrl":"https://asia-001.azure-apim.net/apim/office365"}},"method":"post","body":{"To":"@body('Get_response_details')?['responder']","Subject":"Demand for D&T Services [Approved by HoD]","Body":"Dear @{body('Get_response_details')?['responder']},\n\nPlease be informed your request for D&T services has been approved by  your HoD @{body('Start_an_approval')?['responder']?['displayName']}.\n\nDetail of the request are as follows:\nDemand for:  @{body('Get_response_details')?['r48746ab73a4343e58e55ecfc05b160c0']}\n\nType of System Need: @{body('Get_response_details')?['r37a052dc0f054ab2a342cafd3e0ca2e4']}\n\nWhy it is needed: @{body('Get_response_details')?['r57dd3d6deebc484c9f5bf72654fbe66c']}\n\nWho will be the user: @{body('Get_response_details')?['r5564a491139f43109fca0446f59472d9']}\n\nSuccess Measures: @{body('Get_response_details')?['rcaead9f0b8614c739affe693f8276dd6']}\n\nPotential Benefits: @{body('Get_response_details')?['r5dd8426b43e344389458cca1d3843a8a']}\n\nComments by Approver: @{body('Start_an_approval')?['comments']}\n\nThe team will reach out to you for further requirement\n\nThank you.\nOn behalf of D&T team","From":"amiruddin.samsudin@khazanah.com.my","Cc":"sukri.karim@khazanah.com.my;dntsng@khazanah.com.my;ira.anuar@khazanah.com.my"},"path":"/Mail","authentication":"@parameters('$authentication')"}},"Post_a_message_(V3)":{"runAfter":{"Send_an_email_for_approval":["Succeeded"]},"metadata":{"flowSystemMetadata":{"swaggerOperationId":"PostMessageToChannelV3"},"operationMetadataId":"c12c6021-1aba-4918-8571-f2f1c7461477"},"type":"ApiConnection","inputs":{"host":{"connection":{"name":"@parameters('$connections')['shared_teams']['connectionId']"},"api":{"runtimeUrl":"https://asia-001.azure-apim.net/apim/teams"}},"method":"post","body":{"body":{"content":"<p><span style=\"color: rgb(226,80,65)\"><strong>NEW DEMAND FOR DIGITAL &amp; TECHNOLOGY RECEIVED</strong></span><br>\n<br>\nRequest for <strong></strong><strong>@{body('Get_response_details')?['r48746ab73a4343e58e55ecfc05b160c0']}</strong><strong></strong> has been submitted by <strong></strong><strong>@{body('Get_response_details')?['responder']}</strong><strong></strong> from <strong></strong><strong>@{body('Get_response_details')?['rd2dbc3ada73347f5b76b2480c64796f9']}</strong><strong></strong> and has been approved by <strong></strong><strong>@{body('Start_an_approval')?['responder']?['displayName']}</strong><strong></strong><br>\n<br>\n<strong>The type of system needed:</strong> \"@{body('Get_response_details')?['r37a052dc0f054ab2a342cafd3e0ca2e4']}\".<br>\n<br>\n<strong>Why the system is needed:</strong> \"@{body('Get_response_details')?['r57dd3d6deebc484c9f5bf72654fbe66c']}\".<br>\n<br>\n<strong>Who will be the users:</strong> \"@{body('Get_response_details')?['r5564a491139f43109fca0446f59472d9']}\".<br>\n<br>\n<strong>Success Measures:</strong> \"@{body('Get_response_details')?['rcaead9f0b8614c739affe693f8276dd6']}\"<br>\n<br>\n<strong>Potential Benefits:</strong> \"@{body('Get_response_details')?['r5dd8426b43e344389458cca1d3843a8a']}\"<br>\n<strong>Supporting documents (if any):</strong><br>\n@{body('Get_response_details')?['re58c8eab41a14140953197b26fee88c7']}<br>\n<br>\n<strong>Comments by HoD on the request (if any):</strong> \" @{body('Start_an_approval')?['comments']}\"<br>\n<br>\n<span style=\"color: rgb(226,80,65)\"><strong>END OF REQUEST DETAILS</strong></span></p>","contentType":"html"}},"path":"/v3/beta/teams/@{encodeURIComponent('1c347a83-86c7-4ab3-aae8-8903ea894277')}/channels/@{encodeURIComponent('19:3c516e51c62445de82c9e83e60828df7@thread.skype')}/messages","authentication":"@parameters('$authentication')"}},"Create_item":{"runAfter":{"Post_a_message_(V3)":["Succeeded"]},"metadata":{"flowSystemMetadata":{"swaggerOperationId":"PostItem"},"operationMetadataId":"39c03c89-dac2-4220-abfa-dbbaa25e5013"},"type":"ApiConnection","inputs":{"host":{"connection":{"name":"@parameters('$connections')['shared_sharepointonline']['connectionId']"},"api":{"runtimeUrl":"https://asia-001.azure-apim.net/apim/sharepointonline"}},"method":"post","body":{"Name":"New Demand for @{body('Get_response_details')?['r48746ab73a4343e58e55ecfc05b160c0']}","Overall_Status":{"Value":"Active"},"Requestor":[{"Claims":"@body('Get_response_details')?['responder']"}],"Division":{"Value":"@body('Get_response_details')?['rd2dbc3ada73347f5b76b2480c64796f9']"},"Detail":"The type of system needed: \"@{body('Get_response_details')?['r37a052dc0f054ab2a342cafd3e0ca2e4']}\"\n\nWhy the system is needed: \"@{body('Get_response_details')?['r57dd3d6deebc484c9f5bf72654fbe66c']}\"\n\nWho will be the users: \"@{body('Get_response_details')?['r5564a491139f43109fca0446f59472d9']}\"\n\nSuccess Measures: \"@{body('Get_response_details')?['rcaead9f0b8614c739affe693f8276dd6']}\"\n\nPotential Benefits: \"@{body('Get_response_details')?['r5dd8426b43e344389458cca1d3843a8a']}\"\n\nComments by HoD: \"@{body('Start_an_approval')?['comments']}\"\n\n","Date_Register":"@body('Start_an_approval')?['responseDate']","Stage":{"Value":"New Demand"}},"path":"/datasets/@{encodeURIComponent(encodeURIComponent('https://khazanahcommy.sharepoint.com/sites/Technology-CSSKNB'))}/tables/@{encodeURIComponent(encodeURIComponent('0f9acf33-6cf0-46eb-b57f-9b09fc4744c8'))}/items","authentication":"@parameters('$authentication')"}},"HTTP_POST":{"runAfter":{"Parse_JSON_GET":["Succeeded"]},"metadata":{"operationMetadataId":"26c9f33e-8a85-482b-b123-6e8b477216d9"},"type":"Http","inputs":{"method":"POST","uri":"https://knb.essentialintelligence.com/api/essential-utility/v3/repositories/a5c88c5600b421c87a25/instances/store_38_Class30005?","headers":{"Content-Type":"application/json","x-api-key":"5jpj4c1dPqGZIJiAqLixOA:77ncxFzo0OcR6aul1vL2xJ","Authorization":"Bearer @{body('Parse_JSON')?['bearerToken']}","Content-Length":"0","Host":"<calculated when request is sent>","Accept":"*/*","Accept-Encoding":"gzip, deflate, br","Connection":"keep-alive"},"body":{"id":"@body('Create_item')?['ID']","name":"Test Project","className":"Project"}}},"HTTP_TOKEN":{"runAfter":{"Create_item":["Succeeded"]},"metadata":{"operationMetadataId":"7151d2e8-857b-459f-9151-461ec6d8d61b"},"type":"Http","inputs":{"method":"POST","uri":"https://knb.essentialintelligence.com/api/oauth/token","headers":{"Content-Type":"application/json","x-api-key":"5jpj4c1dPqGZIJiAqLixOA:77ncxFzo0OcR6aul1vL2xJ","Content-Length":"<calculated when request is sent>","Host":"<calculated when request is sent>"},"body":{"grantType":"password","username":"eas_api@khazanah.com.my","password":"P4$5w0rdKh4z4n4h"}}},"Parse_JSON":{"runAfter":{"HTTP_TOKEN":["Succeeded"]},"metadata":{"operationMetadataId":"a000e8e1-ba23-415b-8631-f3bdce39425a"},"type":"ParseJson","inputs":{"content":"@body('HTTP_TOKEN')","schema":{"type":"object","properties":{"bearerToken":{"type":"string"},"refreshToken":{"type":"string"},"expiresInMinutes":{"type":"integer"},"refreshTokenExpiresInMinutes":{"type":"integer"}}}}},"HTTP_GET":{"runAfter":{"Parse_JSON":["Succeeded"]},"metadata":{"operationMetadataId":"30b37690-7517-43b1-8741-66be20ca1cb0"},"type":"Http","inputs":{"method":"GET","uri":"https://knb.essentialintelligence.com/api/essential-utility/v3/repositories/a5c88c5600b421c87a25/instances/store_71_Class340001?","headers":{"Content-Type":"application/json","Authorization":"Bearer @{body('Parse_JSON')?['bearerToken']}","x-api-key":"5jpj4c1dPqGZIJiAqLixOA:77ncxFzo0OcR6aul1vL2xJ"}}},"Parse_JSON_GET":{"runAfter":{"HTTP_GET":["Succeeded"]},"metadata":{"operationMetadataId":"b72d07be-d7ad-4a42-9fbf-61175fd8a0b6"},"type":"ParseJson","inputs":{"content":"@body('HTTP_GET')","schema":{"type":"object","properties":{"id":{"type":"string"},"name":{"type":"string"},"className":{"type":"string"},"K-SG Demand Gate 1 Justification":{"type":"string"},"K-SG Demand Gate 1 Result Summary - Approver":{"type":"string"},"K-SG Demand  No.":{"type":"string"},"K-SG Requester Email":{"type":"string"},"K-SG Type of System":{"type":"string"},"K=SG Reason for System":{"type":"string"},"K-SG Target Users":{"type":"string"},"K-SG Success Measures":{"type":"string"},"K-SG Potential Benefits":{"type":"string"},"K-SG Supporting Doc URL":{"type":"string"},"K-SG Comments by HoD (if any)":{"type":"string"},"ca_criticality":{"type":"object","properties":{"id":{"type":"string"},"name":{"type":"string"},"className":{"type":"string"},"enumeration_value":{"type":"string"},"enumeration_sequence_number":{"type":"integer"}}},"system_author_id":{"type":"string"},"system_last_modified_datetime_iso8601":{"type":"string"},"system_content_lifecycle_status":{"type":"object","properties":{"id":{"type":"string"},"name":{"type":"string"},"className":{"type":"string"},"enumeration_value":{"type":"string"},"enumeration_sequence_number":{"type":"integer"}}},"system_creation_datetime_iso8601":{"type":"string"},"system_content_quality_status":{"type":"object","properties":{"id":{"type":"string"},"name":{"type":"string"},"className":{"type":"string"},"enumeration_value":{"type":"string"},"enumeration_sequence_number":{"type":"integer"}}},"system_ea_reference_instance_counter":{"type":"integer"},"system_is_published":{"type":"boolean"}}}}}},"runAfter":{"Start_an_approval":["Succeeded"]},"else":{"actions":{"Send_an_email_for_rejection":{"runAfter":{},"metadata":{"flowSystemMetadata":{"swaggerOperationId":"SendEmail"},"operationMetadataId":"24060315-718e-4d0c-9a12-ac13898c1263"},"type":"ApiConnection","inputs":{"host":{"connection":{"name":"@parameters('$connections')['shared_office365']['connectionId']"},"api":{"runtimeUrl":"https://asia-001.azure-apim.net/apim/office365"}},"method":"post","body":{"To":"@body('Get_response_details')?['responder']","Subject":"Approval Request rejected","Body":"Dear @{body('Get_response_details')?['responder']}\n\nRegreat to inform that your HoD @{body('Start_an_approval')?['responder']?['displayName']} has declined on your demand request.  \nComments provided by your HoD: @{body('Start_an_approval')?['comments']}\n\nDetail of the request are as follows:\nDemand for: @{body('Get_response_details')?['r48746ab73a4343e58e55ecfc05b160c0']}\nType of system need: @{body('Get_response_details')?['r37a052dc0f054ab2a342cafd3e0ca2e4']}\n\nWhy need it: @{body('Get_response_details')?['r57dd3d6deebc484c9f5bf72654fbe66c']}\n\nWho will be the user: @{body('Get_response_details')?['r5564a491139f43109fca0446f59472d9']}\n\nSuccess Measures: \"@{body('Get_response_details')?['rcaead9f0b8614c739affe693f8276dd6']}\"\n\nPotential Benefits: \"@{body('Get_response_details')?['r5dd8426b43e344389458cca1d3843a8a']}\"\n\nThank you.\nOn behalf of D&T team","From":"amiruddin.samsudin@khazanah.com.my","Cc":"dntsng@khazanah.com.my"},"path":"/Mail","authentication":"@parameters('$authentication')"}}}},"expression":"@equals(body('Start_an_approval')?['response'], 'Approve')","metadata":{"operationMetadataId":"107bfe6f-68fb-481d-a3ac-06dac7071492"},"type":"If"}},"outputs":{},"description":"When a response id submitted to Microsoft Forms, start an approval process, if approved send an email for successful approval else send an rejection email."},"connectionReferences":{"shared_microsoftforms":{"connectionName":"shared-microsoftform-861b44a8-6746-46a1-9df7-e83382f0bc65","source":"Embedded","id":"/providers/Microsoft.PowerApps/apis/shared_microsoftforms","tier":"NotSpecified"},"shared_approvals":{"connectionName":"shared-approvals-efe75c59-c792-4927-8e2d-b02d5e37d984","source":"Embedded","id":"/providers/Microsoft.PowerApps/apis/shared_approvals","tier":"NotSpecified"},"shared_office365":{"connectionName":"shared-office365-ed1f6d0f-09da-4743-9411-f68e4153c712","source":"Embedded","id":"/providers/Microsoft.PowerApps/apis/shared_office365","tier":"NotSpecified"},"shared_teams":{"connectionName":"shared-teams-70781fde-aa82-428e-8346-e301c91d3db6","source":"Embedded","id":"/providers/Microsoft.PowerApps/apis/shared_teams","tier":"NotSpecified"},"shared_sharepointonline":{"connectionName":"shared-sharepointonl-aab6be7f-0d61-42ae-b4a9-7fffc9880051","source":"Embedded","id":"/providers/Microsoft.PowerApps/apis/shared_sharepointonline","tier":"NotSpecified"}},"flowFailureAlertSubscribed":false,"isManaged":false}}