{"name":"d9cb57d5-7721-4199-98d0-9dbc1bdf1590","id":"/providers/Microsoft.Flow/flows/d9cb57d5-7721-4199-98d0-9dbc1bdf1590","type":"Microsoft.Flow/flows","properties":{"apiId":"/providers/Microsoft.PowerApps/apis/shared_logicflows","displayName":"EA TOOL DATA FLOW COMPLETED","definition":{"metadata":{"workflowEntityId":null,"processAdvisorMetadata":null,"flowChargedByPaygo":null,"flowclientsuspensionreason":"None","flowclientsuspensiontime":null,"flowclientsuspensionreasondetails":null,"creator":{"id":"b698463f-360d-4f4b-9162-44b533f29188","type":"User","tenantId":"ce3bdff7-b7f6-4e7d-8b77-9085385980d2"},"provisioningMethod":"FromDefinition","failureAlertSubscription":true,"clientLastModifiedTime":"2023-11-09T04:40:00.0277058Z","connectionKeySavedTimeKey":"2023-11-09T04:40:00.0277058Z"},"$schema":"https://schema.management.azure.com/providers/Microsoft.Logic/schemas/2016-06-01/workflowdefinition.json#","contentVersion":"1.0.0.0","parameters":{"$connections":{"defaultValue":{},"type":"Object"},"$authentication":{"defaultValue":{},"type":"SecureObject"}},"triggers":{"manual":{"metadata":{"operationMetadataId":"fa7d2296-7b73-4d74-813f-34c286fb9520"},"type":"Request","kind":"Button","inputs":{"schema":{"type":"object","properties":{"key-button-date":{"title":"Date","type":"string","x-ms-dynamically-added":false},"location":{"type":"object","properties":{"fullAddress":{"title":"Full address","type":"string","x-ms-dynamically-added":false},"address":{"type":"object","properties":{"countryOrRegion":{"title":"Country/Region","type":"string","x-ms-dynamically-added":false},"city":{"title":"City","type":"string","x-ms-dynamically-added":false},"state":{"title":"State","type":"string","x-ms-dynamically-added":false},"street":{"title":"Street","type":"string","x-ms-dynamically-added":false},"postalCode":{"title":"Postal code","type":"string","x-ms-dynamically-added":false}},"required":["countryOrRegion","city","state","street","postalCode"]},"coordinates":{"type":"object","properties":{"latitude":{"title":"Latitude","type":"number","x-ms-dynamically-added":false},"longitude":{"title":"Longitude","type":"number","x-ms-dynamically-added":false}},"required":["latitude","longitude"]}}}},"required":["key-button-date","location"]},"headersSchema":{"x-ms-user-name-encoded":{"title":"User name","type":"string","format":"byte","x-ms-dynamically-added":false},"x-ms-user-email-encoded":{"title":"User email","type":"string","format":"byte","x-ms-dynamically-added":false},"x-ms-user-timestamp":{"title":"Timestamp","type":"string","x-ms-dynamically-added":false}}}}},"actions":{"HTTP":{"runAfter":{},"metadata":{"operationMetadataId":"df216533-99e6-4499-93ba-127dc26be61f"},"type":"Http","inputs":{"method":"POST","uri":"https://knb.essentialintelligence.com/api/oauth/token","headers":{"Content-Type":"application/json","x-api-key":"5jpj4c1dPqGZIJiAqLixOA:77ncxFzo0OcR6aul1vL2xJ"},"body":{"grantType":"password","username":"eas_api@khazanah.com.my","password":"P4$5w0rdKh4z4n4h"}}},"HTTP_2":{"runAfter":{"Parse_JSON":["Succeeded"]},"metadata":{"operationMetadataId":"8c598359-d3af-48b6-8c5e-0eed1a5ad9c3"},"type":"Http","inputs":{"method":"GET","uri":"https://knb.essentialintelligence.com/api/essential-utility/v3/repositories/a5c88c5600b421c87a25/classes/Actor/instances?slots=name^description^email","headers":{"Content-Type":"application/json","x-api-key":"5jpj4c1dPqGZIJiAqLixOA:77ncxFzo0OcR6aul1vL2xJ","Authorization":"Bearer @{body('Parse_JSON')?['bearerToken']}","Accept":"*/*","Accept-Encoding":"gzip, deflate, br","Connection":"keep-alive"}}},"Parse_JSON_2":{"runAfter":{"HTTP_2":["Succeeded"]},"metadata":{"operationMetadataId":"c0362677-d307-47be-b90d-0bd151e9d047"},"type":"ParseJson","inputs":{"content":"@body('HTTP_2')","schema":{"type":"object","properties":{"instances":{"type":"array","items":{"type":"object","properties":{"id":{"type":"string"},"name":{"type":"string"},"className":{"type":"string"},"email":{"type":"string"},"description":{"type":"string"}},"required":["id","name","className"]}}}}}},"Parse_JSON":{"runAfter":{"HTTP":["Succeeded"]},"metadata":{"operationMetadataId":"9c09f02a-431b-4f77-8e8f-8abd18029b50"},"type":"ParseJson","inputs":{"content":"@body('HTTP')","schema":{"type":"object","properties":{"bearerToken":{"type":"string"},"refreshToken":{"type":"string"},"expiresInMinutes":{"type":"integer"},"refreshTokenExpiresInMinutes":{"type":"integer"}}}}},"Apply_to_each":{"foreach":"@body('Parse_JSON_2')?['instances']","actions":{"Condition_2":{"actions":{},"runAfter":{},"else":{"actions":{"Filter_array":{"runAfter":{},"metadata":{"operationMetadataId":"d46897f9-6e3b-490c-b88e-c54f4a5dca42"},"type":"Query","inputs":{"from":"@outputs('Get_items_EA')?['body/value']","where":"@equals(item()?['Email'], items('Apply_to_each')?['email'])"}},"Condition_3":{"actions":{},"runAfter":{"Filter_array":["Succeeded"]},"else":{"actions":{"Condition":{"actions":{"Create_item_EA_TOOL":{"runAfter":{},"metadata":{"operationMetadataId":"699f77a0-99ca-46c1-8acd-72f94891c8f8"},"type":"OpenApiConnection","inputs":{"host":{"apiId":"/providers/Microsoft.PowerApps/apis/shared_sharepointonline","connectionName":"shared_sharepointonline","operationId":"PostItem"},"parameters":{"dataset":"https://khazanahcommy.sharepoint.com/sites/Intern9","table":"739d9e52-bd32-4265-a7ef-81eb435dda31","item/Title":"@items('Apply_to_each')?['name']","item/Email":"@items('Apply_to_each')?['email']"},"authentication":{"value":"@json(decodeBase64(triggerOutputs().headers['X-MS-APIM-Tokens']))['$ConnectionKey']","type":"Raw"}}}},"runAfter":{},"expression":{"and":[{"equals":["@items('Apply_to_each')?['className']","@'Individual_Actor'"]},{"contains":["@items('Apply_to_each')?['email']","@'@khazanah.com'"]}]},"metadata":{"operationMetadataId":"dcc84c20-f12c-4385-88c4-86ead1f32521"},"type":"If"}}},"expression":{"greater":["@length(body('Filter_array'))","@0"]},"metadata":{"operationMetadataId":"531f8a36-9eaf-4564-aed8-59bd030d9230"},"type":"If"}}},"expression":{"equals":["@empty(items('Apply_to_each')?['email'])","@true"]},"metadata":{"operationMetadataId":"816414db-d193-43cc-8649-46bc00adda52"},"type":"If"}},"runAfter":{"Get_items_EA":["Succeeded"]},"metadata":{"operationMetadataId":"79dcdfee-586d-4343-b184-e63711021a45"},"type":"Foreach"},"Get_items":{"runAfter":{"Parse_JSON_2":["Succeeded"]},"metadata":{"operationMetadataId":"5c81d04f-5176-4f1f-8005-1d7608ac4a0b"},"type":"OpenApiConnection","inputs":{"host":{"apiId":"/providers/Microsoft.PowerApps/apis/shared_sharepointonline","connectionName":"shared_sharepointonline","operationId":"GetItems"},"parameters":{"dataset":"https://khazanahcommy.sharepoint.com/sites/Intern9","table":"739d9e52-bd32-4265-a7ef-81eb435dda31"},"authentication":{"value":"@json(decodeBase64(triggerOutputs().headers['X-MS-APIM-Tokens']))['$ConnectionKey']","type":"Raw"}},"runtimeConfiguration":{"paginationPolicy":{"minimumItemCount":4000}}},"DeleteLoop":{"foreach":"@outputs('Get_items')?['body/value']","actions":{"Delete_item":{"runAfter":{},"metadata":{"operationMetadataId":"7f481dc8-d27f-409b-914f-d46edd27438b"},"type":"OpenApiConnection","inputs":{"host":{"apiId":"/providers/Microsoft.PowerApps/apis/shared_sharepointonline","connectionName":"shared_sharepointonline","operationId":"DeleteItem"},"parameters":{"dataset":"https://khazanahcommy.sharepoint.com/sites/Intern9","table":"739d9e52-bd32-4265-a7ef-81eb435dda31","id":"@items('DeleteLoop')?['ID']"},"authentication":{"value":"@json(decodeBase64(triggerOutputs().headers['X-MS-APIM-Tokens']))['$ConnectionKey']","type":"Raw"}}}},"runAfter":{"Get_items":["Succeeded"]},"metadata":{"operationMetadataId":"ec3afdbe-beca-4d0a-8742-cb8fa7023ce0"},"type":"Foreach"},"Get_items_EA":{"runAfter":{"DeleteLoop":["Succeeded"]},"metadata":{"operationMetadataId":"68cb5350-e235-406e-89c4-f8fb921b9186"},"type":"OpenApiConnection","inputs":{"host":{"apiId":"/providers/Microsoft.PowerApps/apis/shared_sharepointonline","connectionName":"shared_sharepointonline","operationId":"GetItems"},"parameters":{"dataset":"https://khazanahcommy.sharepoint.com/sites/Intern9","table":"739d9e52-bd32-4265-a7ef-81eb435dda31"},"authentication":{"value":"@json(decodeBase64(triggerOutputs().headers['X-MS-APIM-Tokens']))['$ConnectionKey']","type":"Raw"}},"runtimeConfiguration":{"paginationPolicy":{"minimumItemCount":4000}}}}},"connectionReferences":{"shared_sharepointonline":{"connectionName":"shared-sharepointonl-342ad7d4-d5f3-49ac-a178-081d8bd2c0e3","source":"Invoker","id":"/providers/Microsoft.PowerApps/apis/shared_sharepointonline","tier":"NotSpecified"}},"flowFailureAlertSubscribed":false,"isManaged":false}}