{"name":"0cb375c9-6946-44d7-b684-f4b51cf6870c","id":"/providers/Microsoft.Flow/flows/0cb375c9-6946-44d7-b684-f4b51cf6870c","type":"Microsoft.Flow/flows","properties":{"apiId":"/providers/Microsoft.PowerApps/apis/shared_logicflows","displayName":"COMBINATION FLOW COMPLETED - CAN UTILIZE","definition":{"metadata":{"workflowEntityId":null,"processAdvisorMetadata":null,"flowChargedByPaygo":null,"flowclientsuspensionreason":"None","flowclientsuspensiontime":null,"flowclientsuspensionreasondetails":null,"creator":{"id":"b698463f-360d-4f4b-9162-44b533f29188","type":"User","tenantId":"ce3bdff7-b7f6-4e7d-8b77-9085385980d2"},"provisioningMethod":"FromDefinition","failureAlertSubscription":true,"clientLastModifiedTime":"2023-11-09T04:18:57.0869028Z","connectionKeySavedTimeKey":"2023-11-09T04:18:57.0869028Z"},"$schema":"https://schema.management.azure.com/providers/Microsoft.Logic/schemas/2016-06-01/workflowdefinition.json#","contentVersion":"1.0.0.0","parameters":{"$connections":{"defaultValue":{},"type":"Object"},"$authentication":{"defaultValue":{},"type":"SecureObject"}},"triggers":{"manual":{"metadata":{"operationMetadataId":"b907446b-b75b-45cd-885c-68464c8ef422"},"type":"Request","kind":"Button","inputs":{"schema":{"type":"object","properties":{},"required":[]}}}},"actions":{"Get_AD_DATA_STAFFS_LIST":{"runAfter":{"DELETE_DELETEFROM":["Succeeded"]},"metadata":{"operationMetadataId":"ff712763-56cb-4e60-9b9f-e45b53d46e9e"},"type":"OpenApiConnection","inputs":{"host":{"apiId":"/providers/Microsoft.PowerApps/apis/shared_sharepointonline","connectionName":"shared_sharepointonline","operationId":"GetItems"},"parameters":{"dataset":"https://khazanahcommy.sharepoint.com/sites/Intern9","table":"ecccd9b2-95bd-4bf7-a097-a4413e5d6ff8"},"authentication":{"value":"@json(decodeBase64(triggerOutputs().headers['X-MS-APIM-Tokens']))['$ConnectionKey']","type":"Raw"}},"runtimeConfiguration":{"paginationPolicy":{"minimumItemCount":1000}}},"Get_EA_TOOL_DATA":{"runAfter":{"Append_AD":["Succeeded"]},"metadata":{"operationMetadataId":"0c9720d1-2701-4a99-bf96-e29d7b580033"},"type":"OpenApiConnection","inputs":{"host":{"apiId":"/providers/Microsoft.PowerApps/apis/shared_sharepointonline","connectionName":"shared_sharepointonline","operationId":"GetItems"},"parameters":{"dataset":"https://khazanahcommy.sharepoint.com/sites/Intern9","table":"739d9e52-bd32-4265-a7ef-81eb435dda31"},"authentication":{"value":"@json(decodeBase64(triggerOutputs().headers['X-MS-APIM-Tokens']))['$ConnectionKey']","type":"Raw"}},"runtimeConfiguration":{"paginationPolicy":{"minimumItemCount":1000}}},"Append_AD":{"foreach":"@outputs('Get_AD_DATA_STAFFS_LIST')?['body/value']","actions":{"ConditionCompareADEmails":{"actions":{},"runAfter":{},"else":{"actions":{"Append_to_ArrayAD":{"runAfter":{},"metadata":{"operationMetadataId":"1642a080-f8d8-48fe-beb3-39df8abc8220"},"type":"AppendToArrayVariable","inputs":{"name":"ArrayAD","value":{"ID":"@items('Append_AD')?['Id']","Title":"@items('Append_AD')?['Title']","Email":"@items('Append_AD')?['Email']","Source":"@items('Append_AD')?['Source']"}}},"Append_to_ArrayADEmails":{"runAfter":{"Append_to_ArrayAD":["Succeeded"]},"metadata":{"operationMetadataId":"83b57b29-ed2d-4b67-a36d-4b9ea2285769"},"type":"AppendToArrayVariable","inputs":{"name":"ArrayADEmails","value":{"Email":"@items('Append_AD')?['Email']"}}}}},"expression":{"contains":["@variables('ArrayADEmails')","@items('Append_AD')?['Email']"]},"metadata":{"operationMetadataId":"46a93593-a095-44d7-801f-97f18affa36e"},"type":"If"}},"runAfter":{"Get_AD_DATA_STAFFS_LIST":["Succeeded"]},"metadata":{"operationMetadataId":"b577a3b6-6c76-4603-890a-241a72388b8a"},"type":"Foreach"},"Append_EA":{"foreach":"@outputs('Get_EA_TOOL_DATA')?['body/value']","actions":{"ConditionCompareEAEmails":{"actions":{},"runAfter":{},"else":{"actions":{"Append_to_ArrayEA":{"runAfter":{},"metadata":{"operationMetadataId":"25aadf30-c6ef-4913-8e90-f8269e534fc1"},"type":"AppendToArrayVariable","inputs":{"name":"ArrayEA","value":{"ID":"@items('Append_EA')?['Id']","Title":"@items('Append_EA')?['Title']","Email":"@items('Append_EA')?['Email']","Source":"@items('Append_EA')?['Source']"}}},"Append_to_ArrayEAEmails":{"runAfter":{"Append_to_ArrayEA":["Succeeded"]},"metadata":{"operationMetadataId":"1160c5b5-6709-42e0-aa80-ba7e9ef59740"},"type":"AppendToArrayVariable","inputs":{"name":"ArrayEAEmails","value":{"Email":"@items('Append_EA')?['Email']"}}}}},"expression":{"contains":["@variables('ArrayEAEmails')","@items('Append_EA')?['Email']"]},"metadata":{"operationMetadataId":"e675f465-9365-47f8-9d3a-7c08778a0f52"},"type":"If"}},"runAfter":{"Get_EA_TOOL_DATA":["Succeeded"]},"metadata":{"operationMetadataId":"6e4365ca-9ef7-4dd6-bd0c-8344ce301ee4"},"type":"Foreach"},"ItemsToAdd":{"runAfter":{"ArrayEA":["Succeeded"]},"metadata":{"operationMetadataId":"56ad6a9a-1e31-4edc-bfd3-bd66631218ec"},"type":"InitializeVariable","inputs":{"variables":[{"name":"ItemsToAdd","type":"array"}]}},"ArrayAD":{"runAfter":{},"metadata":{"operationMetadataId":"6ab9e6bf-570b-4135-b19d-81a92d68ae43"},"type":"InitializeVariable","inputs":{"variables":[{"name":"ArrayAD","type":"array"}]}},"ArrayEA":{"runAfter":{"ArrayAD":["Succeeded"]},"metadata":{"operationMetadataId":"f5e4fac8-85b0-4272-a046-381cc794d322"},"type":"InitializeVariable","inputs":{"variables":[{"name":"ArrayEA","type":"array"}]}},"ItemsToDelete":{"runAfter":{"ItemsToAdd":["Succeeded"]},"metadata":{"operationMetadataId":"863f8089-28d4-4e5f-ae24-0a5bc7a048a0"},"type":"InitializeVariable","inputs":{"variables":[{"name":"ItemsToDelete","type":"array"}]}},"AddingLoop":{"foreach":"@variables('ArrayAD')","actions":{"ConditionCompareEAWithAD":{"actions":{},"runAfter":{},"else":{"actions":{"ConditionCompareToAddWithEmail":{"actions":{},"runAfter":{},"else":{"actions":{"Append_to_ItemsToAdd_variable":{"runAfter":{},"metadata":{"operationMetadataId":"05403e3c-6bf6-4a61-8431-0f2271b49b43"},"type":"AppendToArrayVariable","inputs":{"name":"ItemsToAdd","value":"@items('AddingLoop')"}}}},"expression":{"contains":["@variables('ItemsToAdd')","@items('AddingLoop')?['Email']"]},"metadata":{"operationMetadataId":"d942a375-d360-4080-aaed-4ca7ab584cfa"},"type":"If"}}},"expression":{"contains":["@variables('ArrayEAEmails')","@items('AddingLoop')?['Email']"]},"metadata":{"operationMetadataId":"d4238b2b-2f7d-4a28-ae3d-72e90d10f8db"},"type":"If"}},"runAfter":{"Append_EA":["Succeeded"]},"metadata":{"operationMetadataId":"cb383459-af0d-4eb7-95aa-dd8088173878"},"type":"Foreach"},"Add_Items":{"foreach":"@variables('ItemsToAdd')","actions":{"Filter_array_2":{"runAfter":{},"metadata":{"operationMetadataId":"bcc05a83-f88a-4240-b11a-978ba71e02d6"},"type":"Query","inputs":{"from":"@outputs('Get_EA_TOOL_DATA')?['body/value']","where":"@equals(item()?['Email'], items('Add_Items')?['Email'])"}},"Condition_2":{"actions":{},"runAfter":{"Filter_array_2":["Succeeded"]},"else":{"actions":{"Create_item_in_EA_TOOL_DATA":{"runAfter":{},"metadata":{"operationMetadataId":"5b91fca3-9fc8-44f7-a0fd-26715bdb7154"},"type":"OpenApiConnection","inputs":{"host":{"apiId":"/providers/Microsoft.PowerApps/apis/shared_sharepointonline","connectionName":"shared_sharepointonline","operationId":"PostItem"},"parameters":{"dataset":"https://khazanahcommy.sharepoint.com/sites/Intern9","table":"739d9e52-bd32-4265-a7ef-81eb435dda31","item/Title":"@items('Add_Items')?['Title']","item/Email":"@items('Add_Items')?['Email']"},"authentication":{"value":"@json(decodeBase64(triggerOutputs().headers['X-MS-APIM-Tokens']))['$ConnectionKey']","type":"Raw"}}}}},"expression":{"greater":["@length(body('Filter_array_2'))","@0"]},"metadata":{"operationMetadataId":"3a928f75-6620-41b0-99a1-395c3bd404cb"},"type":"If"}},"runAfter":{"RemovingLoop":["Succeeded"]},"metadata":{"operationMetadataId":"cf94aa11-e8a1-4939-a50e-37b56fec9a5a"},"type":"Foreach"},"ArrayADEmails":{"runAfter":{"ItemsToDelete":["Succeeded"]},"metadata":{"operationMetadataId":"ee7f5a3c-888e-4d8f-a70e-46242affa76a"},"type":"InitializeVariable","inputs":{"variables":[{"name":"ArrayADEmails","type":"array"}]}},"ArrayEAEmails":{"runAfter":{"ArrayADEmails":["Succeeded"]},"metadata":{"operationMetadataId":"2f548b4a-723c-4a48-9e9e-a3aee1776802"},"type":"InitializeVariable","inputs":{"variables":[{"name":"ArrayEAEmails","type":"array"}]}},"Get_RESIGN_LIST":{"runAfter":{"ArrayEAEmails":["Succeeded"]},"metadata":{"operationMetadataId":"2d7cedd6-8d04-4a35-899b-aa6e004cf4ce"},"type":"OpenApiConnection","inputs":{"host":{"apiId":"/providers/Microsoft.PowerApps/apis/shared_sharepointonline","connectionName":"shared_sharepointonline","operationId":"GetItems"},"parameters":{"dataset":"https://khazanahcommy.sharepoint.com/sites/Intern9","table":"5e18342f-cf63-4b5d-9ae4-51580de109e1"},"authentication":{"value":"@json(decodeBase64(triggerOutputs().headers['X-MS-APIM-Tokens']))['$ConnectionKey']","type":"Raw"}},"runtimeConfiguration":{"paginationPolicy":{"minimumItemCount":1000}}},"DeleteResign":{"foreach":"@outputs('Get_RESIGN_LIST')?['body/value']","actions":{"Delete_item":{"runAfter":{},"metadata":{"operationMetadataId":"15508c76-1238-4d9d-bbff-b342eff37590"},"type":"OpenApiConnection","inputs":{"host":{"apiId":"/providers/Microsoft.PowerApps/apis/shared_sharepointonline","connectionName":"shared_sharepointonline","operationId":"DeleteItem"},"parameters":{"dataset":"https://khazanahcommy.sharepoint.com/sites/Intern9","table":"5e18342f-cf63-4b5d-9ae4-51580de109e1","id":"@items('DeleteResign')?['ID']"},"authentication":{"value":"@json(decodeBase64(triggerOutputs().headers['X-MS-APIM-Tokens']))['$ConnectionKey']","type":"Raw"}}}},"runAfter":{"Get_RESIGN_LIST":["Succeeded"]},"metadata":{"operationMetadataId":"e9ff0e2f-ba57-482a-84e8-3a0f1a128fe0"},"type":"Foreach"},"Get_items_DELETEFROM":{"runAfter":{"DeleteResign":["Succeeded"]},"metadata":{"operationMetadataId":"08e451fc-0104-468f-a832-1923334c86d8"},"type":"OpenApiConnection","inputs":{"host":{"apiId":"/providers/Microsoft.PowerApps/apis/shared_sharepointonline","connectionName":"shared_sharepointonline","operationId":"GetItems"},"parameters":{"dataset":"https://khazanahcommy.sharepoint.com/sites/Intern9","table":"a1dc7806-dd00-4e6d-8e25-846153c089b4"},"authentication":{"value":"@json(decodeBase64(triggerOutputs().headers['X-MS-APIM-Tokens']))['$ConnectionKey']","type":"Raw"}},"runtimeConfiguration":{"paginationPolicy":{"minimumItemCount":1000}}},"DELETE_DELETEFROM":{"foreach":"@outputs('Get_items_DELETEFROM')?['body/value']","actions":{"Delete_item_2":{"runAfter":{},"metadata":{"operationMetadataId":"0c029fdf-2911-4919-bbde-729878d044c5"},"type":"OpenApiConnection","inputs":{"host":{"apiId":"/providers/Microsoft.PowerApps/apis/shared_sharepointonline","connectionName":"shared_sharepointonline","operationId":"DeleteItem"},"parameters":{"dataset":"https://khazanahcommy.sharepoint.com/sites/Intern9","table":"a1dc7806-dd00-4e6d-8e25-846153c089b4","id":"@items('DELETE_DELETEFROM')?['ID']"},"authentication":{"value":"@json(decodeBase64(triggerOutputs().headers['X-MS-APIM-Tokens']))['$ConnectionKey']","type":"Raw"}}}},"runAfter":{"Get_items_DELETEFROM":["Succeeded"]},"metadata":{"operationMetadataId":"1b43281e-0327-401c-a913-b4ed74fad2d8"},"type":"Foreach"},"RemovingLoop":{"foreach":"@variables('ArrayEA')","actions":{"ConditionCompareADWithEA":{"actions":{},"runAfter":{},"else":{"actions":{"ConditionCompareToDeleteWithEmail":{"actions":{},"runAfter":{},"else":{"actions":{"Append_to_ItemsToDelete_variable":{"runAfter":{},"metadata":{"operationMetadataId":"063ce0e6-bfa7-4dd1-aceb-cb8043f3c37b"},"type":"AppendToArrayVariable","inputs":{"name":"ItemsToDelete","value":"@items('RemovingLoop')"}}}},"expression":{"contains":["@variables('ItemsToDelete')","@items('RemovingLoop')?['Email']"]},"metadata":{"operationMetadataId":"8830600e-a01a-4dee-a275-c6a2b9bd6edd"},"type":"If"}}},"expression":{"contains":["@variables('ArrayADEmails')","@items('RemovingLoop')?['Email']"]},"metadata":{"operationMetadataId":"45f93f91-2430-4262-a76f-9dc6b526d372"},"type":"If"}},"runAfter":{"AddingLoop":["Succeeded"]},"metadata":{"operationMetadataId":"3305abc6-79ee-4619-97ca-be3ac0af8212"},"type":"Foreach"},"Get_items_EA":{"runAfter":{"Add_Items":["Succeeded"]},"metadata":{"operationMetadataId":"a63fafd2-34c7-4237-bb1e-0f0bbdde796c"},"type":"OpenApiConnection","inputs":{"host":{"apiId":"/providers/Microsoft.PowerApps/apis/shared_sharepointonline","connectionName":"shared_sharepointonline","operationId":"GetItems"},"parameters":{"dataset":"https://khazanahcommy.sharepoint.com/sites/Intern9","table":"739d9e52-bd32-4265-a7ef-81eb435dda31"},"authentication":{"value":"@json(decodeBase64(triggerOutputs().headers['X-MS-APIM-Tokens']))['$ConnectionKey']","type":"Raw"}},"runtimeConfiguration":{"paginationPolicy":{"minimumItemCount":1000}}},"ItemsDeleted":{"foreach":"@variables('ItemsToDelete')","actions":{"Filter_array_3":{"runAfter":{},"metadata":{"operationMetadataId":"706a2757-de7e-4ad7-82a4-bdae4db87d31"},"type":"Query","inputs":{"from":"@outputs('Get_items_EA')?['body/value']","where":"@equals(item()?['Email'], items('ItemsDeleted')?['Email'])"}},"Condition_3":{"actions":{"Create_item_DELETEFROM":{"runAfter":{},"metadata":{"operationMetadataId":"65a83bb3-fd15-48e8-b2c2-5477d3de26ac"},"type":"OpenApiConnection","inputs":{"host":{"apiId":"/providers/Microsoft.PowerApps/apis/shared_sharepointonline","connectionName":"shared_sharepointonline","operationId":"PostItem"},"parameters":{"dataset":"https://khazanahcommy.sharepoint.com/sites/Intern9","table":"a1dc7806-dd00-4e6d-8e25-846153c089b4","item/Title":"@items('ItemsDeleted')?['Title']","item/Email":"@items('ItemsDeleted')?['Email']"},"authentication":{"value":"@json(decodeBase64(triggerOutputs().headers['X-MS-APIM-Tokens']))['$ConnectionKey']","type":"Raw"}}},"Delete_item_EAT":{"runAfter":{"Create_item_DELETEFROM":["Succeeded"]},"metadata":{"operationMetadataId":"e0a8324d-369a-4ef4-ad88-a15aaa7d7923"},"type":"OpenApiConnection","inputs":{"host":{"apiId":"/providers/Microsoft.PowerApps/apis/shared_sharepointonline","connectionName":"shared_sharepointonline","operationId":"DeleteItem"},"parameters":{"dataset":"https://khazanahcommy.sharepoint.com/sites/Intern9","table":"739d9e52-bd32-4265-a7ef-81eb435dda31","id":"@items('ItemsDeleted')?['Id']"},"authentication":{"value":"@json(decodeBase64(triggerOutputs().headers['X-MS-APIM-Tokens']))['$ConnectionKey']","type":"Raw"}}}},"runAfter":{"Filter_array_3":["Succeeded"]},"expression":{"greater":["@length(body('Filter_array_3'))","@0"]},"metadata":{"operationMetadataId":"71d44f29-a5c6-406f-b940-0387642e28ba"},"type":"If"}},"runAfter":{"Get_items_EA":["Succeeded"]},"metadata":{"operationMetadataId":"41cc3ec0-a416-4d62-9023-1ab6eb5d9dff"},"type":"Foreach"},"Get_EATOOL":{"runAfter":{"ItemsDeleted":["Succeeded"]},"metadata":{"operationMetadataId":"1a6bdb24-d634-4417-80a3-b5b52ddef86c"},"type":"OpenApiConnection","inputs":{"host":{"apiId":"/providers/Microsoft.PowerApps/apis/shared_sharepointonline","connectionName":"shared_sharepointonline","operationId":"GetItems"},"parameters":{"dataset":"https://khazanahcommy.sharepoint.com/sites/Intern9","table":"739d9e52-bd32-4265-a7ef-81eb435dda31"},"authentication":{"value":"@json(decodeBase64(triggerOutputs().headers['X-MS-APIM-Tokens']))['$ConnectionKey']","type":"Raw"}},"runtimeConfiguration":{"paginationPolicy":{"minimumItemCount":1000}}},"Delete_Items":{"foreach":"@variables('ItemsToDelete')","actions":{"Condition":{"actions":{},"runAfter":{"Filter_array":["Succeeded"]},"else":{"actions":{"Create_RESIGN_LIST":{"runAfter":{},"metadata":{"operationMetadataId":"8a9ed9ad-1d60-4493-bc2e-337f80aa8ad8"},"type":"OpenApiConnection","inputs":{"host":{"apiId":"/providers/Microsoft.PowerApps/apis/shared_sharepointonline","connectionName":"shared_sharepointonline","operationId":"PostItem"},"parameters":{"dataset":"https://khazanahcommy.sharepoint.com/sites/Intern9","table":"5e18342f-cf63-4b5d-9ae4-51580de109e1","item/Title":"@items('Delete_Items')?['Title']","item/Email":"@items('Delete_Items')?['Email']"},"authentication":{"value":"@json(decodeBase64(triggerOutputs().headers['X-MS-APIM-Tokens']))['$ConnectionKey']","type":"Raw"}}}}},"expression":{"greater":["@length(body('Filter_array'))","@0"]},"metadata":{"operationMetadataId":"aaa36ade-5e68-462a-a5b7-26996bfc3798"},"type":"If"},"Filter_array":{"runAfter":{},"metadata":{"operationMetadataId":"d1668f83-583c-43c7-8b4e-7faac59c2422"},"type":"Query","inputs":{"from":"@outputs('Get_AD_DATA_STAFFS_LIST')?['body/value']","where":"@equals(item()?['Email'], items('Delete_Items')?['Email'])"}}},"runAfter":{"Get_EATOOL":["Succeeded"]},"metadata":{"operationMetadataId":"fa95fd4e-4d52-4d42-ac91-d20c12bc4720"},"type":"Foreach"},"Get_items_EATOOLFINALISED":{"runAfter":{"Delete_Items":["Succeeded"]},"metadata":{"operationMetadataId":"f0de9b7f-76d2-45a5-96b9-9e02b51e6eaf"},"type":"OpenApiConnection","inputs":{"host":{"apiId":"/providers/Microsoft.PowerApps/apis/shared_sharepointonline","connectionName":"shared_sharepointonline","operationId":"GetItems"},"parameters":{"dataset":"https://khazanahcommy.sharepoint.com/sites/Intern9","table":"739d9e52-bd32-4265-a7ef-81eb435dda31"},"authentication":{"value":"@json(decodeBase64(triggerOutputs().headers['X-MS-APIM-Tokens']))['$ConnectionKey']","type":"Raw"}},"runtimeConfiguration":{"paginationPolicy":{"minimumItemCount":1000}}},"HTTP_TOKEN":{"runAfter":{"Get_items_EATOOLFINALISED":["Succeeded"]},"metadata":{"operationMetadataId":"8034cb18-3f3a-406b-ab94-c1c49df699d6"},"type":"Http","inputs":{"method":"POST","uri":"https://knb.essentialintelligence.com/api/oauth/token","headers":{"Content-Type":"application/json","x-api-key":"5jpj4c1dPqGZIJiAqLixOA:77ncxFzo0OcR6aul1vL2xJ","Content-Length":"<calculated when request is sent>","Host":"<calculated when request is sent>"},"body":{"grantType":"password","username":"eas_api@khazanah.com.my","password":"P4$5w0rdKh4z4n4h"}}},"Parse_JSON":{"runAfter":{"HTTP_TOKEN":["Succeeded"]},"metadata":{"operationMetadataId":"62e4e4a6-8e0b-4c5a-ae28-e5874f5178d1"},"type":"ParseJson","inputs":{"content":"@body('HTTP_TOKEN')","schema":{"type":"object","properties":{"bearerToken":{"type":"string"},"refreshToken":{"type":"string"},"expiresInMinutes":{"type":"integer"},"refreshTokenExpiresInMinutes":{"type":"integer"}}}}},"LOOPOST":{"foreach":"@outputs('Get_items_EATOOLFINALISED')?['body/value']","actions":{"HTTP_POST":{"runAfter":{},"metadata":{"operationMetadataId":"9a1ac33d-c86c-48f5-aa2e-9db17634cc1b"},"type":"Http","inputs":{"method":"POST","uri":"https://knb.essentialintelligence.com/api/essential-utility/v3/repositories/a5c88c5600b421c87a25/instances","headers":{"Content-Type":"application/json","x-api-key":"5jpj4c1dPqGZIJiAqLixOA:77ncxFzo0OcR6aul1vL2xJ","Authorization":"Bearer @{body('Parse_JSON')?['bearerToken']}","Content-Length":"0","Host":"<calculated when request is sent>","Accept":"*/*","Accept-Encoding":"gzip, deflate, br","Connection":"keep-alive"},"body":{"id":"@items('LOOPOST')?['ID']","name":"@items('LOOPOST')?['Title']","className":"@'Individual_Actor'","email":"@items('LOOPOST')?['Email']"}}}},"runAfter":{"Parse_JSON":["Succeeded"]},"metadata":{"operationMetadataId":"a28a4056-306f-4baf-9665-05cfde7ec407"},"type":"Foreach"},"Get_items_RESIGN":{"runAfter":{"LOOPOST":["Succeeded"]},"metadata":{"operationMetadataId":"76c489ac-8982-4717-a38b-41521fae6b68"},"type":"OpenApiConnection","inputs":{"host":{"apiId":"/providers/Microsoft.PowerApps/apis/shared_sharepointonline","connectionName":"shared_sharepointonline","operationId":"GetItems"},"parameters":{"dataset":"https://khazanahcommy.sharepoint.com/sites/Intern9","table":"5e18342f-cf63-4b5d-9ae4-51580de109e1"},"authentication":{"value":"@json(decodeBase64(triggerOutputs().headers['X-MS-APIM-Tokens']))['$ConnectionKey']","type":"Raw"}},"runtimeConfiguration":{"paginationPolicy":{"minimumItemCount":1000}}},"RESIGNLOOP":{"foreach":"@outputs('Get_items_RESIGN')?['body/value']","actions":{"Send_an_email_notification_(V3)":{"runAfter":{},"metadata":{"operationMetadataId":"1fb177b4-fc20-491e-897e-0e4224f4672a"},"type":"OpenApiConnection","inputs":{"host":{"apiId":"/providers/Microsoft.PowerApps/apis/shared_sendmail","connectionName":"shared_sendmail","operationId":"SendEmailV3"},"parameters":{"request/to":"intern.nivethan@khazanah.com.my;","request/subject":"Resign List","request/text":"<p>{<br>\nName : @{items('RESIGNLOOP')?['Title']},<br>\nEmail : @{items('RESIGNLOOP')?['Email']}<br>\n}</p>"},"authentication":{"value":"@json(decodeBase64(triggerOutputs().headers['X-MS-APIM-Tokens']))['$ConnectionKey']","type":"Raw"}}},"Post_message_in_a_chat_or_channel_2":{"runAfter":{"Send_an_email_notification_(V3)":["Succeeded"]},"metadata":{"operationMetadataId":"6a763830-d60b-4039-b960-aaee0a418aee"},"type":"OpenApiConnection","inputs":{"host":{"apiId":"/providers/Microsoft.PowerApps/apis/shared_teams","connectionName":"shared_teams_1","operationId":"PostMessageToConversation"},"parameters":{"poster":"Flow bot","location":"Chat with Flow bot","body/recipient":"intern.nivethan@khazanah.com.my;","body/messageBody":"<p>{<br>\nName : @{items('RESIGNLOOP')?['Title']},<br>\nEmail :@{items('RESIGNLOOP')?['Email']}<br>\n)</p>"},"authentication":{"value":"@json(decodeBase64(triggerOutputs().headers['X-MS-APIM-Tokens']))['$ConnectionKey']","type":"Raw"}}}},"runAfter":{"Get_items_RESIGN":["Succeeded"]},"metadata":{"operationMetadataId":"f5c720a8-dc69-455e-8fc0-0c20393c3e3e"},"type":"Foreach"}}},"connectionReferences":{"shared_sharepointonline":{"connectionName":"shared-sharepointonl-342ad7d4-d5f3-49ac-a178-081d8bd2c0e3","source":"Invoker","id":"/providers/Microsoft.PowerApps/apis/shared_sharepointonline","tier":"NotSpecified"},"shared_sendmail":{"connectionName":"shared-sendmail-7789cacc-4c36-4bf0-986d-2b7a4ce011e2","source":"Invoker","id":"/providers/Microsoft.PowerApps/apis/shared_sendmail","tier":"NotSpecified"},"shared_teams_1":{"connectionName":"shared-teams-9fb0867c-5bb6-4730-a6ce-7feb9bf5c130","source":"Invoker","id":"/providers/Microsoft.PowerApps/apis/shared_teams","tier":"NotSpecified"}},"flowFailureAlertSubscribed":false,"isManaged":false}}