{"name":"7c09a487-e62b-4897-aecb-cf004c216e17","id":"/providers/Microsoft.Flow/flows/7c09a487-e62b-4897-aecb-cf004c216e17","type":"Microsoft.Flow/flows","properties":{"apiId":"/providers/Microsoft.PowerApps/apis/shared_logicflows","displayName":"Copy of - COMBINATION FLOW","definition":{"metadata":{"workflowEntityId":null,"processAdvisorMetadata":null,"flowChargedByPaygo":null,"flowclientsuspensionreason":"None","flowclientsuspensiontime":null,"flowclientsuspensionreasondetails":null,"creator":{"id":"b698463f-360d-4f4b-9162-44b533f29188","type":"User","tenantId":"ce3bdff7-b7f6-4e7d-8b77-9085385980d2"},"provisioningMethod":"FromDefinition","failureAlertSubscription":true,"clientLastModifiedTime":"2023-10-23T01:36:27.428657Z","connectionKeySavedTimeKey":"2023-09-19T05:41:48.9673821Z"},"$schema":"https://schema.management.azure.com/providers/Microsoft.Logic/schemas/2016-06-01/workflowdefinition.json#","contentVersion":"1.0.0.0","parameters":{"$connections":{"defaultValue":{},"type":"Object"},"$authentication":{"defaultValue":{},"type":"SecureObject"}},"triggers":{"manual":{"metadata":{"operationMetadataId":"b907446b-b75b-45cd-885c-68464c8ef422"},"type":"Request","kind":"Button","inputs":{"schema":{"type":"object","properties":{},"required":[]}}}},"actions":{"Get_AD_DATA_STAFFS_LIST":{"runAfter":{},"metadata":{"operationMetadataId":"ff712763-56cb-4e60-9b9f-e45b53d46e9e"},"type":"OpenApiConnection","inputs":{"host":{"apiId":"/providers/Microsoft.PowerApps/apis/shared_sharepointonline","connectionName":"shared_sharepointonline","operationId":"GetItems"},"parameters":{"dataset":"https://khazanahcommy-my.sharepoint.com/personal/intern_nivethan_khazanah_com_my","table":"8144e648-92c8-48f9-8608-3690a9d0b756"},"authentication":{"value":"@json(decodeBase64(triggerOutputs().headers['X-MS-APIM-Tokens']))['$ConnectionKey']","type":"Raw"}}},"Get_EA_TOOL_DATA":{"runAfter":{"Get_AD_DATA_STAFFS_LIST":["Succeeded"]},"metadata":{"operationMetadataId":"0c9720d1-2701-4a99-bf96-e29d7b580033"},"type":"OpenApiConnection","inputs":{"host":{"apiId":"/providers/Microsoft.PowerApps/apis/shared_sharepointonline","connectionName":"shared_sharepointonline","operationId":"GetItems"},"parameters":{"dataset":"https://khazanahcommy-my.sharepoint.com/personal/intern_nivethan_khazanah_com_my","table":"cb63b929-dc27-4566-a618-071d2a1a21b6"},"authentication":{"value":"@json(decodeBase64(triggerOutputs().headers['X-MS-APIM-Tokens']))['$ConnectionKey']","type":"Raw"}}},"Apply_to_each":{"foreach":"@variables('OutputJoinArray')","actions":{"Get_items_FINAL_LIST":{"runAfter":{},"metadata":{"operationMetadataId":"403d8301-4eb1-4d60-b149-9d55ea1505de"},"type":"OpenApiConnection","inputs":{"host":{"apiId":"/providers/Microsoft.PowerApps/apis/shared_sharepointonline","connectionName":"shared_sharepointonline","operationId":"GetItems"},"parameters":{"dataset":"https://khazanahcommy-my.sharepoint.com/personal/intern_nivethan_khazanah_com_my","table":"8e567d4d-9bd2-4232-ba94-a7af924e77d4"},"authentication":{"value":"@json(decodeBase64(triggerOutputs().headers['X-MS-APIM-Tokens']))['$ConnectionKey']","type":"Raw"}}},"Condition":{"actions":{"Condition2":{"actions":{"Condition_9":{"actions":{"Apply_to_each3":{"foreach":"@outputs('Get_items_FINAL_LIST')?['body/value']","actions":{"Create_item":{"runAfter":{},"metadata":{"operationMetadataId":"8e3751c1-aff7-4336-8f0e-9aad2877ea21"},"type":"OpenApiConnection","inputs":{"host":{"apiId":"/providers/Microsoft.PowerApps/apis/shared_sharepointonline","connectionName":"shared_sharepointonline","operationId":"PostItem"},"parameters":{"dataset":"https://khazanahcommy-my.sharepoint.com/personal/intern_nivethan_khazanah_com_my","table":"8e567d4d-9bd2-4232-ba94-a7af924e77d4","item/Title":"@items('Apply_to_each3')?['Full_Name']","item/Email":"@items('Apply_to_each3')?['Email']"},"authentication":{"value":"@json(decodeBase64(triggerOutputs().headers['X-MS-APIM-Tokens']))['$ConnectionKey']","type":"Raw"}}}},"runAfter":{},"metadata":{"operationMetadataId":"35164ded-aebb-4335-8b17-66651af3a50b"},"type":"Foreach"}},"runAfter":{},"expression":{"equals":["@outputs('Get_items_FINAL_LIST')?['body/value']","@null"]},"metadata":{"operationMetadataId":"6d05b1a5-41d5-4560-8aa9-3db149f71bc3"},"type":"If"}},"runAfter":{},"else":{"actions":{"Condition_10":{"actions":{"Get_items":{"runAfter":{},"metadata":{"operationMetadataId":"123bd0ed-5f4a-46e2-9cef-5ab46725977a"},"type":"OpenApiConnection","inputs":{"host":{"apiId":"/providers/Microsoft.PowerApps/apis/shared_sharepointonline","connectionName":"shared_sharepointonline","operationId":"GetItems"},"parameters":{"dataset":"https://khazanahcommy-my.sharepoint.com/personal/intern_nivethan_khazanah_com_my","table":"8144e648-92c8-48f9-8608-3690a9d0b756"},"authentication":{"value":"@json(decodeBase64(triggerOutputs().headers['X-MS-APIM-Tokens']))['$ConnectionKey']","type":"Raw"}}},"Condition_11":{"actions":{"Apply_to_each_2":{"foreach":"@outputs('Get_items')?['body/value']","actions":{"Apply_to_each_3":{"foreach":"@outputs('Get_items_FINAL_LIST')?['body/value']","actions":{"Delete_item_2":{"runAfter":{},"metadata":{"operationMetadataId":"7e1e0fdc-b458-4f37-8a75-2439846fe265"},"type":"OpenApiConnection","inputs":{"host":{"apiId":"/providers/Microsoft.PowerApps/apis/shared_sharepointonline","connectionName":"shared_sharepointonline","operationId":"DeleteItem"},"parameters":{"dataset":"https://khazanahcommy-my.sharepoint.com/personal/intern_nivethan_khazanah_com_my","table":"8e567d4d-9bd2-4232-ba94-a7af924e77d4","id":"@items('Apply_to_each_3')?['ID']"},"authentication":{"value":"@json(decodeBase64(triggerOutputs().headers['X-MS-APIM-Tokens']))['$ConnectionKey']","type":"Raw"}}}},"runAfter":{},"metadata":{"operationMetadataId":"0d56c359-7f91-410f-a347-26c5285a24ed"},"type":"Foreach"}},"runAfter":{},"metadata":{"operationMetadataId":"deeecb0c-8c8c-4aba-94c3-f37837e8f31a"},"type":"Foreach"}},"runAfter":{"Get_items":["Succeeded"]},"expression":{"equals":["@outputs('Get_items')?['body/value']","@null"]},"metadata":{"operationMetadataId":"05acb108-b300-48a5-9486-966f1e618cdf"},"type":"If"}},"runAfter":{},"expression":{"not":{"equals":["@outputs('Get_items_FINAL_LIST')?['body/value']","@null"]}},"metadata":{"operationMetadataId":"8588d505-3560-4276-91a6-bd3fed063b44"},"type":"If"}}},"expression":{"equals":["@items('Apply_to_each')?['Source']","@'AD'"]},"metadata":{"operationMetadataId":"223dd07c-1e40-403c-bf8e-64f0bf95cadd"},"type":"If"}},"runAfter":{"Get_items_FINAL_LIST":["Succeeded"]},"expression":{"equals":["@length(body('Get_items_FINAL_LIST')?['value'])",0]},"metadata":{"operationMetadataId":"3c5ca1b9-423b-4014-b46f-88baf739aa5e"},"type":"If"}},"runAfter":{"Append_to_array_variable":["Succeeded"]},"metadata":{"operationMetadataId":"bd2135f3-2398-4bd0-8c43-a285b471815a"},"type":"Foreach"},"OutputJoinArray":{"runAfter":{"Join":["Succeeded"]},"metadata":{"operationMetadataId":"8713b3aa-eb91-4d58-a2bc-9e99ad6461d8"},"type":"InitializeVariable","inputs":{"variables":[{"name":"OutputJoinArray","type":"array"}]}},"Join":{"runAfter":{"Select_EA_Key":["Succeeded"]},"metadata":{"operationMetadataId":"12c041f0-9488-44a7-b3d7-d2bbf3538e02"},"type":"Join","inputs":{"from":"@body('Select_EA_Key')","joinWith":"@{body('Select_AD_Key')}"}},"Append_to_array_variable":{"runAfter":{"OutputJoinArray":["Succeeded"]},"metadata":{"operationMetadataId":"a5521ee7-cf60-4b2b-a629-66cfc4d8d849"},"type":"AppendToArrayVariable","inputs":{"name":"OutputJoinArray","value":"@body('Join')"}},"Select_AD_Key":{"runAfter":{"Get_EA_TOOL_DATA":["Succeeded"]},"metadata":{"operationMetadataId":"186e4e13-fc3f-4f5a-bbcb-d6602d97d429"},"type":"Select","inputs":{"from":"@outputs('Get_AD_DATA_STAFFS_LIST')?['body/value']","select":{"Full_Name":"@item()?['Title']","Email":"@item()?['Email']","Source":"AD"}}},"Select_EA_Key":{"runAfter":{"Select_AD_Key":["Succeeded"]},"metadata":{"operationMetadataId":"af0dcf61-b38e-466d-878f-73ac97052666"},"type":"Select","inputs":{"from":"@outputs('Get_EA_TOOL_DATA')?['body/value']","select":{"Full_Name":"@item()?['Title']","Email":"@item()?['Email']","Source":"EA"}}}}},"connectionReferences":{"shared_sharepointonline":{"connectionName":"shared-sharepointonl-342ad7d4-d5f3-49ac-a178-081d8bd2c0e3","source":"Invoker","id":"/providers/Microsoft.PowerApps/apis/shared_sharepointonline","tier":"NotSpecified"}},"flowFailureAlertSubscribed":false,"isManaged":false}}